id,firstname,lastname,email,email2,profession
100,Vivia,Amasa,Vivia.Amasa@yopmail.com,Vivia.Amasa@gmail.com,firefighter
101,Dale,Fredi,Dale.Fredi@yopmail.com,Dale.Fredi@gmail.com,firefighter
102,Alejandra,Mendez,Alejandra.Mendez@yopmail.com,Alejandra.Mendez@gmail.com,police officer
103,Brianna,Trace,Brianna.Trace@yopmail.com,Brianna.Trace@gmail.com,worker
104,Alejandra,Afton,Alejandra.Afton@yopmail.com,Alejandra.Afton@gmail.com,developer
105,Philis,Diogenes,Philis.Diogenes@yopmail.com,Philis.Diogenes@gmail.com,police officer
106,Kara-Lynn,Greenwald,Kara-Lynn.Greenwald@yopmail.com,Kara-Lynn.Greenwald@gmail.com,police officer
107,Brena,Cadmar,Brena.Cadmar@yopmail.com,Brena.Cadmar@gmail.com,worker
108,Reeba,Aloise,Reeba.Aloise@yopmail.com,Reeba.Aloise@gmail.com,developer
109,Marsiella,Mata,Marsiella.Mata@yopmail.com,Marsiella.Mata@gmail.com,doctor